,취업현황
0,IT기업
1,IT기업
2,IT기업
3,IT기업
4,IT기업
5,IT기업
6,IT기업
7,IT기업
8,IT기업
9,IT기업
10,IT기업
11,IT기업
12,IT기업
13,IT기업
14,IT기업
15,IT기업
16,IT기업
17,IT기업
18,IT기업
19,IT기업
20,IT기업
21,IT기업
22,IT기업
23,IT기업
24,IT기업
25,IT기업
26,IT기업
27,IT기업
28,IT기업
29,IT기업
30,IT기업
31,IT기업
32,IT기업
33,IT기업
34,IT기업
35,IT기업
36,IT기업
37,IT기업
38,IT기업
39,IT기업
40,IT기업
41,IT기업
42,IT기업
43,IT기업
44,IT기업
45,IT기업
46,IT기업
47,IT기업
48,IT기업
49,IT기업
50,IT기업
51,IT기업
52,IT기업
53,IT기업
54,IT기업
55,IT기업
56,IT기업
57,IT기업
58,IT기업
59,IT기업
60,IT기업
61,IT기업
62,IT기업
63,IT기업
64,IT기업
65,IT기업
66,IT기업
67,IT기업
68,IT기업
69,IT기업
70,IT기업
71,IT기업
72,IT기업
73,IT기업
74,IT기업
75,IT기업
76,IT기업
77,IT기업
78,IT기업
79,IT기업
80,IT기업
81,IT기업
82,IT기업
83,IT기업
84,IT기업
85,IT기업
86,IT기업
87,IT기업
88,IT기업
89,IT기업
90,IT기업
91,IT기업
92,제조기업
93,제조기업
94,제조기업
95,제조기업
96,제조기업
97,제조기업
98,제조기업
99,제조기업
100,제조기업
101,제조기업
102,제조기업
103,제조기업
104,제조기업
105,제조기업
106,제조기업
107,제조기업
108,제조기업
109,제조기업
110,제조기업
111,제조기업
112,제조기업
113,제조기업
114,제조기업
115,제조기업
116,제조기업
117,제조기업
118,제조기업
119,제조기업
120,제조기업
121,제조기업
122,제조기업
123,제조기업
124,제조기업
125,제조기업
126,제조기업
127,제조기업
128,제조기업
129,제조기업
130,제조기업
131,제조기업
132,제조기업
133,제조기업
134,제조기업
135,제조기업
136,제조기업
137,제조기업
138,제조기업
139,제조기업
140,제조기업
141,제조기업
142,제조기업
143,제조기업
144,제조기업
145,제조기업
146,제조기업
147,제조기업
148,제조기업
149,제조기업
150,제조기업
151,제조기업
152,제조기업
153,제조기업
154,제조기업
155,제조기업
156,제조기업
157,제조기업
158,제조기업
159,제조기업
160,제조기업
161,금융기관
162,금융기관
163,금융기관
164,금융기관
165,금융기관
166,금융기관
167,금융기관
168,금융기관
169,금융기관
170,금융기관
171,금융기관
172,금융기관
173,금융기관
174,금융기관
175,금융기관
176,금융기관
177,금융기관
178,금융기관
179,금융기관
180,금융기관
181,금융기관
182,금융기관
183,금융기관
184,금융기관
185,금융기관
186,금융기관
187,금융기관
188,금융기관
189,금융기관
190,금융기관
191,금융기관
192,금융기관
193,대학원
194,대학원
195,대학원
196,대학원
197,대학원
198,대학원
199,대학원
200,대학원
201,대학원
202,대학원
203,대학원
204,대학원
205,대학원
206,대학원
207,대학원
208,대학원
209,대학원
210,대학원
211,대학원
212,대학원
213,대학원
214,대학원
215,대학원
216,대학원
217,대학원
218,대학원
219,대학원
220,대학원
221,대학원
222,대학원
223,대학원
224,대학원
225,대학원
226,대학원
227,대학원
228,대학원
229,대학원
230,대학원
231,대학원
232,대학원
233,대학원
234,대학원
